contributor,months_active,total_activity,average_activity_per_month
00050,1,1,1.0
0x1a1a1a,1,2,2.0
0x8b,2,10,5.0
15696,1,1,1.0
16ur,1,1,1.0
17steen,1,1,1.0
18praneeth,1,1,1.0
1rre,1,1,1.0
2307vivek,1,1,1.0
3coma3,1,1,1.0
3tch-a-sketch,1,1,1.0
413x1,1,1,1.0
4rivappa,2,2,1.0
4shutosh,2,2,1.0
50an6xy06r6n,1,1,1.0
71xn,1,1,1.0
735l4,1,1,1.0
766F6964,1,1,1.0
8xu,1,1,1.0
A9qx,1,2,2.0
AAR072,1,1,1.0
ABHISHEK VALSAN,1,1,1.0
ABHISHEKVALSAN,1,1,1.0
AJ-Williams1,1,1,1.0
AOTREVAI,2,5,2.5
ASasamori,1,1,1.0
AVoid1,1,1,1.0
Aadhithyan Suresh,1,1,1.0
Aarnav Suwal,1,1,1.0
Aaron,15,39,2.6
Aaron Cottle,1,2,2.0
Aaryab1,1,2,2.0
Aayush Paurana,1,1,1.0
Abdomash,1,1,1.0
Abdulbasit,3,3,1.0
Abdulbasit0123,5,6,1.2
Abdullah Omar,2,3,1.5
Abhay182005dat,1,1,1.0
Abinawan,1,2,2.0
Abinawan Bhattarai,1,2,2.0
Abod1960,3,7,2.3333333333333335
Absalon43,2,2,1.0
Achess01,1,1,1.0
Adam Mehaney,1,1,1.0
Adawd,1,4,4.0
Aditya Rawat,1,2,2.0
Adrian B. Hoffsten,1,1,1.0
Adrian Skar,1,1,1.0
Adrian-Samoticha,1,1,1.0
AdrianSkar,1,1,1.0
Aeonimous,1,2,2.0
Afonso Reis,1,1,1.0
AfonsoVReis,1,1,1.0
AgedSage,1,1,1.0
Aghassi,1,1,1.0
Ahmad-A0,1,8,8.0
AhmadFudl,1,1,1.0
Ahmed ElSaeed,1,1,1.0
Ahmed-Amamou,1,1,1.0
AhmedKhan24,1,1,1.0
Aidan-OS,1,1,1.0
AitakattaSora,1,1,1.0
Ajay Vishnu V,1,1,1.0
Ajay kumar,1,3,3.0
Akanksh12,1,1,1.0
AkashKishore-Mukhia,1,1,1.0
Akhilesh Waghmare,1,1,1.0
AlFas,1,1,1.0
AlJavhar,2,4,2.0
AlJavhar Boyaliyev,1,1,1.0
AlawamiAZ,1,1,1.0
Albert,3,9,3.0
Ale-Flash,1,2,2.0
Alejandro Gutiérrez López,1,1,1.0
Alek Curless,1,1,1.0
Aleksandr Sajenko,1,1,1.0
Alenygam,3,6,2.0
Alespren,1,1,1.0
Alessandro Farcas,2,2,1.0
Alex,1,1,1.0
Alex Khalilieh,1,3,3.0
Alex Rossell Hayes,1,1,1.0
AlexApps99,1,1,1.0
Alexander Craggs,1,1,1.0
Alexander Johansen,3,3,1.0
Alexander Tzoc,1,1,1.0
Alexander Ushaev,1,4,4.0
Alexandre Melo,1,2,2.0
Alireza,1,1,1.0
Allegedly Samuel Casey,1,1,1.0
Alphinux,1,1,1.0
Alvin Zhao,1,1,1.0
Aman1131145,1,1,1.0
Ameeeek,1,5,5.0
Ammar,1,2,2.0
Anas saifi,1,1,1.0
Anasdevs,2,4,2.0
Anatoli Avetisovi,2,3,1.5
AncientHeroX,1,1,1.0
Andie Santos,1,1,1.0
Andororo,1,1,1.0
Andreas,1,1,1.0
Andreas Miller,1,1,1.0
AndreiSergiuu,1,2,2.0
Andrej Stojkovic,1,1,1.0
Andrej Stojkovikj,1,1,1.0
AndrejStojkovic,2,2,1.0
Andrew Chang,1,1,1.0
Andrew Guo,2,2,1.0
Andrey Kuznetsov,2,3,1.5
Andy Huang,1,1,1.0
Angelo Fallaria,1,1,1.0
Anh Duc Nguyen,1,1,1.0
AniketDeogaonkar,1,1,1.0
AnkitAdhikari,1,1,1.0
Anthony,1,1,1.0
Anthony Rosman,1,4,4.0
AnthonyW90,1,1,1.0
Antikore,1,1,1.0
AntikoreDev,1,1,1.0
Anton Chernenko,1,1,1.0
Anton Kesy,1,1,1.0
AntoninMayet,2,7,3.5
Antonio32A,1,1,1.0
Anu-Ra-g,1,5,5.0
Anurag Nayak,2,2,1.0
Apostolos Kyratzakos,1,1,1.0
Apsu,5,6,1.2
Aqeel,1,3,3.0
Arban Hossain,1,2,2.0
Architthecoder,1,1,1.0
Arie Bates-Hermans,1,2,2.0
ArijanJ,2,6,3.0
Arithmetics,1,1,1.0
Arivappa,1,1,1.0
Arom1a,1,1,1.0
Aromia,1,1,1.0
AronF,1,2,2.0
ArpitMittal468,1,1,1.0
Arthur Nunes,1,1,1.0
AsherThomasBabu,1,1,1.0
Ashin Berish,1,1,1.0
Ashkan Arabi,2,2,1.0
AshkanArabim,2,2,1.0
Augustin68,2,2,1.0
AustenLynn,1,1,1.0
AviAvinav,1,1,1.0
Axel Cuevas,1,1,1.0
AxoCode,1,1,1.0
Axorax,2,2,1.0
Ayaan,2,2,1.0
Ayce,1,1,1.0
Ayce45,1,1,1.0
Ayush,1,1,1.0
Azim Akmatov,1,1,1.0
Azirine,1,1,1.0
Aziz Ben Ali,1,1,1.0
AzkaPrata,1,1,1.0
BARNI.exe,1,1,1.0
BHARATJHAWAR52,1,1,1.0
Bachoo,1,1,1.0
Badhi,1,2,2.0
Bala Subramaniam,1,2,2.0
BalkoBalkho,1,4,4.0
Balz Guenat,1,1,1.0
BalzGuenat,1,1,1.0
Banzobotic,2,5,2.5
BarePotato,1,2,2.0
BarniExe,1,1,1.0
Basil,1,1,1.0
Bastian Kappeler,1,1,1.0
Bastkapp,1,1,1.0
Batmunkh Dorjgotov,2,6,3.0
Beck,1,1,1.0
BelKed,1,1,1.0
Ben-Brady,1,1,1.0
Bendik Samseth,1,2,2.0
Benjamin Kinga,1,1,1.0
Benjamin Meixner,1,1,1.0
Besnik Bleta,1,1,1.0
Bianco Da Costa Oliveira,1,1,1.0
Bigguysahaj,1,1,1.0
Bilal Suleiman,1,2,2.0
Billreal,1,1,1.0
BlackSagittarius,10,19,1.9
BlossomThemeAdmin,1,1,1.0
BlueGone,1,1,1.0
Bogdan Mitrović,2,2,1.0
Boris Gubanov,1,1,1.0
Boris Nezlobin,1,1,1.0
BossCode45,1,1,1.0
Bot_Manemj,1,1,1.0
Brachyurus,3,50,16.666666666666668
Bradley Cookson,1,1,1.0
Brage Fuglseth,1,1,1.0
Brandon Flores,1,1,1.0
Bregoliii,1,1,1.0
Bretis2019,1,2,2.0
Brian Evans,4,4,1.0
Brian Sung,1,2,2.0
Brook Feleke,2,2,1.0
BrookFeleke,2,2,1.0
Bruce Berrios,17,181,10.647058823529411
Bruception,16,215,13.4375
BuddyBob,1,1,1.0
BuildTools,1,20,20.0
CMYKarma,1,1,1.0
CTGAP,1,1,1.0
Calihrymn,2,2,1.0
Caliv0,1,1,1.0
Cameron,2,2,1.0
CameronCT,2,2,1.0
CampAsAChamp,1,3,3.0
CaptainRex-501st,1,2,2.0
CarinaChenot,1,2,2.0
CarlFabian,1,2,2.0
Carlos Gabriel,1,1,1.0
Carreau,1,1,1.0
CarterBrehm,2,2,1.0
CashmereBulldog,1,1,1.0
Casper Sluitman,1,3,3.0
CatinQuiche,1,1,1.0
CedricBaaklini,1,4,4.0
Charles Ancheta,1,1,1.0
Charlie2006,1,1,1.0
CharlieADavies,1,1,1.0
Christian Fehmer,12,108,9.0
Christian Rudder,2,7,3.5
Christina Hanson,1,1,1.0
Christopher Sarmiento,1,4,4.0
Chuck-7,1,1,1.0
Ciezo,1,1,1.0
Cloyd Van,1,1,1.0
Clément Martinez,1,1,1.0
Coadon,1,1,1.0
CodeMonkey80s,1,2,2.0
Codelefant,1,1,1.0
Coding-Kiwi,1,1,1.0
Cody Bloemhard,1,4,4.0
Colby Chai,1,1,1.0
Cole320,1,2,2.0
Colin H,1,1,1.0
Connor Goldberg,1,1,1.0
CoolenL,1,1,1.0
CoolerFred,2,6,3.0
Corey,2,2,1.0
Corey Bergeron,3,19,6.333333333333333
Cory Shaw,1,1,1.0
Cosme1,1,1,1.0
Cosmeeeen,2,2,1.0
Cosmin Ilie,1,1,1.0
Crote,1,1,1.0
CrumblyLiquid,3,27,9.0
Cucumberrbob,1,2,2.0
CyrilSharma,1,1,1.0
Cyrus Yip,3,4,1.3333333333333333
César Cobos,1,1,1.0
D-T-666,1,1,1.0
D0rkKnight,1,1,1.0
D3press3dd,1,10,10.0
DGKSK8LIFE,1,1,1.0
DINOTICK,1,1,1.0
DKparadox,1,6,6.0
DLSdufer,1,1,1.0
Dainternetdude,2,8,4.0
Damian,1,3,3.0
Dampfie93,1,2,2.0
Dan Hogan,1,1,1.0
DanGonite57,5,17,3.4
DanInSpace104,1,2,2.0
DaneEvans,1,1,1.0
Daniel,2,2,1.0
Daniel Grothe,1,1,1.0
Daniel Huang,1,1,1.0
Daniel Krikun,1,1,1.0
Daniel Sateler,1,1,1.0
Danish arora,1,1,1.0
Dario Götz,1,2,2.0
Darryl Brooks,1,1,1.0
DarrylBrooks97,1,1,1.0
DarthJarJarJar,2,2,1.0
DasHammett,1,2,2.0
DastardlySky,1,2,2.0
DataDavD,2,2,1.0
David Kosorin,1,1,1.0
David Martin,2,24,12.0
David Mordechai,1,1,1.0
David-Mordechai,3,3,1.0
Dean Scarff,1,1,1.0
Decipher-CS,1,1,1.0
DecoyGameDev,1,1,1.0
DefinitelySomeHuman,1,1,1.0
Den,1,2,2.0
DenelDuck,2,2,1.0
Denis Alex,1,4,4.0
Denis Çerri,2,4,2.0
Derrick,1,1,1.0
Derry Tutt,1,1,1.0
Deveesh Shetty,1,1,1.0
DhananjayPorwal,1,1,1.0
Dharmaraj,2,11,5.5
DharmarajX24,1,2,2.0
Dilyorbek,2,2,1.0
Dimitri Tabatadze,1,1,1.0
Dione,1,1,1.0
DioneJM,1,1,1.0
Dioswilson,1,9,9.0
Dishmemah,1,2,2.0
Dlurak,1,2,2.0
Dmitry,3,9,3.0
Dmitry Samsonov,1,1,1.0
Dmskrzh,2,11,5.5
DocKDE,1,1,1.0
Dominic Ruggiero,1,1,1.0
Dominik Cubelic,1,2,2.0
DomovoyAlex,1,1,1.0
Doob123123,1,1,1.0
Dorifor,1,1,1.0
DrPoppyseed,1,1,1.0
Drambique,1,1,1.0
DreymaR,1,1,1.0
Duncan Sutherland,1,2,2.0
Dunxter,3,8,2.6666666666666665
DutrieuxLU,1,1,1.0
Dvorak2op,2,4,2.0
EDUJOS,2,5,2.5
EMRD95,2,9,4.5
EarthCow,1,1,1.0
Ed,2,3,1.5
Eddy-Arch,2,2,1.0
Eduard Stefanescu,1,2,2.0
Eduardo Guzman-Diaz,1,1,1.0
Edward Huang,1,1,1.0
Egemasta,2,2,1.0
Eggflaw,1,2,2.0
Ehan,2,2,1.0
ElijahRosal,1,4,4.0
ElnuDev,1,1,1.0
Eloren1,3,5,1.6666666666666667
ElsdonC,1,2,2.0
EmNudge,1,2,2.0
Emily,1,1,1.0
EngHasanSabbir,1,1,1.0
Eoin-IE,1,1,1.0
Eran Pinhas,1,1,1.0
Erfan Khadivar,1,1,1.0
Eric,1,2,2.0
Eric Ettensohn,1,2,2.0
Erinaaaaaaa,1,1,1.0
Erlkoenigs,1,2,2.0
Esemesek,2,2,1.0
Estebene,8,58,7.25
Estifanos Gashawtena,2,2,1.0
Estifanos12,2,2,1.0
Ethanqg0,1,1,1.0
Evan,10,27,2.7
Evan Callicoat,5,6,1.2
Evan Gubarev,1,1,1.0
Everaldo Júnior,1,1,1.0
Exploration,2,2,1.0
FEZfan,1,3,3.0
FFUV,2,5,2.5
Fabi,2,8,4.0
FabianSt305,1,4,4.0
Faris0520,2,2,1.0
FarisDaffa,2,2,1.0
Fasani,1,1,1.0
Fate1405,1,1,1.0
Faurazeko,1,2,2.0
Felix,1,1,1.0
Felixbstck,1,1,1.0
Ferannor,1,1,1.0
Ferotiq,11,104,9.454545454545455
Filipe Lima,1,1,1.0
Finn Lestrange,1,4,4.0
FloatingComet62,1,1,1.0
Fluffy-Cookie,1,1,1.0
FortPile,1,1,1.0
Fowl95,1,2,2.0
Francis A,1,1,1.0
Fraser Price,1,2,2.0
Fraserbc,1,1,1.0
Fred-Vatin,1,1,1.0
Frederick (Kyu Won) Kim,1,1,1.0
Frederick Kim,1,1,1.0
Fukurou Makoto,1,2,2.0
FukurouMakoto,1,2,2.0
FurriousFox,1,1,1.0
Fuwn,2,4,2.0
Fxzzi,1,1,1.0
Fynn,1,1,1.0
Fynn-Pritzkau,1,1,1.0
GFruit,2,11,5.5
Gabe-H,2,3,1.5
Gabriel Fleury,1,1,1.0
Gabriel Forien,1,2,2.0
Gabriel Santana Paredes,1,1,1.0
Gabriel Santos Rocha,1,1,1.0
Gabriel Thomé,1,3,3.0
GalaxyBiscuit,1,1,1.0
GalileoBlues,2,5,2.5
Gardlok,1,1,1.0
GaryGosh,1,3,3.0
GastonUC,1,1,1.0
GautamPatil1,1,1,1.0
Gauthier Fiorentino,3,3,1.0
Gavin Nelson,1,1,1.0
Gaëtan Ark,1,2,2.0
Gennady Koshkin,1,2,2.0
George Rodrigues,1,1,1.0
George The Bot,9,20,2.2222222222222223
GeorgesMainville,1,1,1.0
GioSDA,3,3,1.0
Giovanni D,1,1,1.0
Giovanni Valer,1,1,1.0
GiraffeMan,1,1,1.0
Godje,1,1,1.0
GrayStrider,2,3,1.5
GreenWeegeeCantCode,1,1,1.0
Guanran928,1,1,1.0
Guilherme Jun Grillo,1,1,1.0
Guillermo R. Roig Carralero,1,1,1.0
Guillermo-N,1,1,1.0
Gunung P. Wibisono,1,1,1.0
GuyClicking,1,1,1.0
GwenXt,1,2,2.0
HISEROD,2,2,1.0
Hachemi,1,1,1.0
HachemiH,1,1,1.0
Hailfire805,1,1,1.0
Hakata-jpn,1,1,1.0
HamNuggets,1,1,1.0
HansonSin,1,1,1.0
Harry Hopkinson,1,1,1.0
Harry-Hopkinson,1,1,1.0
Harsh Natuskar,1,1,1.0
Harsh Vardhan,1,2,2.0
Haruki Jay Shimada,1,1,1.0
HasanTheSyrian,1,2,2.0
Hattorius,1,2,2.0
HayataSama,1,1,1.0
Helder Barboza,1,1,1.0
Henning Meyer,2,3,1.5
Henrique Borges,1,1,1.0
Himanshu Balani,1,1,1.0
Hinson Chan,1,1,1.0
HmmYesVery,1,1,1.0
HoangTuan110,1,1,1.0
HoloPanio,1,1,1.0
Hombre-x,1,1,1.0
HonkHonk0734,1,1,1.0
Hubertas Vindžigalskis,1,1,1.0
HubertasVin,1,1,1.0
HumanChwan,1,1,1.0
HyperAMIR,1,1,1.0
HyperDanisH,1,1,1.0
IMperiumX,1,1,1.0
Ian Hong,1,2,2.0
Iaroslav,1,1,1.0
Iftakhar,1,1,1.0
Iftakharpy,1,1,1.0
Ihor Kos,1,2,2.0
Iipal,1,1,1.0
Ikaro Felix,1,1,1.0
IkelAtomig,1,1,1.0
Im-0xea,1,2,2.0
Immanuel Hise,1,1,1.0
IndigoWilke,1,2,2.0
Inirdin,1,4,4.0
Invades,1,2,2.0
Irina,1,2,2.0
Isaac Howie,1,1,1.0
István Korompai,1,1,1.0
ItWorkedInCAD,1,2,2.0
ItsBenDov,1,1,1.0
ItsCryptic,1,1,1.0
Ivaylo Ivanov,1,1,1.0
J4spr,1,2,2.0
JAKimball,1,1,1.0
JAY TAILOR,1,1,1.0
JJ,1,1,1.0
JNaeder,1,1,1.0
JabbaTheGibHutt,2,2,1.0
Jacek,1,4,4.0
Jack,42,3305,78.69047619047619
Jack Bartnik,1,20,20.0
Jack Hartwig,1,1,1.0
Jack92829,1,10,10.0
Jaco Chong,1,2,2.0
JacoChong,2,3,1.5
Jacopo Michettoni,1,2,2.0
James,2,7,3.5
James Elson,1,1,1.0
JamieSlome,1,1,1.0
Jan Golebiowski,1,1,1.0
Jan Reggie Dela Cruz,2,3,1.5
Jan de Mul,1,1,1.0
JandeMul,1,1,1.0
JannatinNaim,3,3,1.0
Jared Kwan,1,3,3.0
Jashmeen,1,1,1.0
Jasmine Ying,1,2,2.0
Jave,1,1,1.0
JawadAbduljawad,1,1,1.0
JaxonWright,1,1,1.0
JayTailor45,1,2,2.0
Jazil T S,1,1,1.0
Jdude311,1,1,1.0
Jeanot Zubler,1,1,1.0
Jeanot-Zubler,1,1,1.0
Jeff0502,1,4,4.0
JellieTheForg,1,7,7.0
Jelso13,1,2,2.0
Jeremy Gautama,1,1,1.0
Jeroen Meijer (Jay),1,1,1.0
Jerry Zhou,3,5,1.6666666666666667
JesseCSlater,1,1,1.0
Jeve-Stobs,1,1,1.0
JiaChen-Zeng,1,1,1.0
Jitesh Kumar Sahoo,1,2,2.0
Jitesh117,1,3,3.0
Joel Bradshaw,1,1,1.0
Joel Tony,1,1,1.0
Johan de Jongh,1,1,1.0
Johan le stickman,1,1,1.0
JohnCassavetes,1,2,2.0
Johnapolitan,1,4,4.0
JojoCalabaza,1,6,6.0
Jonadabe,1,1,1.0
Jonathan Frech,1,1,1.0
Jonathan Völkle,1,1,1.0
Jones Sagabaen,1,1,1.0
JonesSagabaen,1,1,1.0
Jonny-exe,2,6,3.0
Joonas,1,1,1.0
Joonatan,1,1,1.0
Jordan Becker,1,1,1.0
Jorge Martinez,1,1,1.0
JornTumrongwit,1,2,2.0
Josh Moncrieff,3,3,1.0
Joshua Joseph,1,1,1.0
Joshua Odeyemi,1,3,3.0
Josiah Plett,1,1,1.0
JosueLeovani,1,4,4.0
José Ángel López,1,1,1.0
JuanM04,1,1,1.0
Juli4nMitch3ll,1,1,1.0
Julian Barg,1,1,1.0
Julian Marcos,1,1,1.0
Juliaria08,1,1,1.0
JustTemmie,1,1,1.0
Justin K,1,1,1.0
JustinKolaras,1,1,1.0
Jørgen Tharaldsen fosstvedt,1,5,5.0
K.B.Dharun Krishna,1,1,1.0
K0stov,1,2,2.0
KANGRIZ,2,2,1.0
KParthSingh,1,6,6.0
KPkm25,1,2,2.0
KRP,1,3,3.0
KTibow,1,1,1.0
Kacper Wyczawski,2,3,1.5
Kaden Scott,1,1,1.0
Kael,1,1,1.0
KaelWD,1,1,1.0
KagoraTheGrindcoreAddict,1,1,1.0
KaiWritesCode,1,1,1.0
Kainoa Kanter,1,6,6.0
KaitlynEthylia,1,1,1.0
Kamar,1,1,1.0
KanatFM,1,1,1.0
KarlRemarks,1,1,1.0
Katrina Lou S. Tantay,1,2,2.0
Kavin Ruengprateepsang,1,1,1.0
KeebCathedral,1,1,1.0
Kelsier,1,1,1.0
Kelvets,2,2,1.0
KenGuru-blog,1,2,2.0
KendallDoesCoding,1,2,2.0
Kendell R,1,1,1.0
KennLDN,1,1,1.0
Kevin Alavik,1,1,1.0
KevinAlavik,1,1,1.0
Killer8Hyper,3,13,4.333333333333333
KillerLava,1,1,1.0
Kishlay-notabot,1,1,1.0
KlopZzz,1,1,1.0
KobeCofini,1,1,1.0
Konstantin Runov,1,2,2.0
KorolOrol,1,1,1.0
KraXen72,1,1,1.0
Kraizt Matte,1,1,1.0
KripC2160,1,1,1.0
Kris Bucyk,1,1,1.0
KristalAlfred,1,1,1.0
Kristoffer Grönlund,1,1,1.0
Ksaspar,1,1,1.0
Kshitiz Rohilla,1,1,1.0
Kuameh,1,1,1.0
KungPaoChick,1,3,3.0
Kungger-git,1,4,4.0
Kutaygb,1,1,1.0
Kuuuube,1,1,1.0
Kyro,1,1,1.0
L-E-Freeman,1,1,1.0
Laaveshwaran P,2,8,4.0
LamberlainMuli,1,1,1.0
Lavin-tom,1,1,1.0
LazaABT,1,1,1.0
Le Duy Quang,2,4,2.0
LediM0nsteri,1,2,2.0
Lenny0939,1,1,1.0
Lenochxd,1,1,1.0
Leo Wang,1,1,1.0
Lev Shumilov,1,1,1.0
LeviOP,2,2,1.0
Lichtspektrum,1,1,1.0
Liewe Gutter,1,1,1.0
LifeAdventurer,3,8,2.6666666666666665
Logicless-Coder,1,1,1.0
Long Nguyen,1,1,1.0
Lucas Fern,1,2,2.0
Luk50n4,2,3,1.5
Luke Nguyen Khanh,1,1,1.0
Luke Weiler,8,20,2.5
LukeNK,1,1,1.0
Lumid,1,1,1.0
Lxran,1,3,3.0
LyricLy,1,1,1.0
Léo Cazenave,1,1,1.0
M Usman Abubakr,1,2,2.0
M4Dd0x is here !,1,1,1.0
MANOJ-M-01,1,1,1.0
MB-44,1,3,3.0
MBoutray,1,1,1.0
MD Jannatin Naim,3,3,1.0
Maclogger,2,13,6.5
MadMalisko,1,1,1.0
Magical-Penguin,1,4,4.0
MaheshtheDev,1,1,1.0
Mahmoud-Skafi,1,1,1.0
MakerJake,1,3,3.0
MakerJake01,1,1,1.0
Malo Hamon,1,3,3.0
Mammoets,1,1,1.0
ManasKhudale,1,1,1.0
"Manassarn ""Noom"" Manoonchai",1,2,2.0
Manassarn Manoonchai,1,1,1.0
Mangeshrex,2,2,1.0
Maniktherana,1,3,3.0
Manolivisuals,1,2,2.0
Marco Pagani,2,9,4.5
Marco-Pagani,3,5,1.6666666666666667
Mardi N,1,1,1.0
Mario D'Andrea,1,1,1.0
Mariusz Gumienny,2,12,6.0
Mark (Krittipoom),2,2,1.0
Mark Stosberg,1,1,1.0
Marken Foo,1,1,1.0
Marken-Foo,1,1,1.0
MarkoSchuetz,1,1,1.0
MarksASP95,2,2,1.0
Martin Trigaux,1,1,1.0
Martin de Boutray,1,1,1.0
MasterRon,1,2,2.0
Mathéo,1,1,1.0
Matic Šulc,1,5,5.0
MaticSulc,1,1,1.0
Matratj,3,3,1.0
Matt,2,2,1.0
Matt Wahlig,1,6,6.0
Matteo Macaluso,1,9,9.0
Matthew An,1,1,1.0
Matthew Kwan,1,1,1.0
Matthew Lau,1,1,1.0
Matthew-Kwan,1,1,1.0
Mattia,2,3,1.5
MavericksCG,1,1,1.0
Max Harmony,2,2,1.0
Max Kronenbürger,2,2,1.0
Max Verbinnen,1,2,2.0
Max-Verbinnen,1,2,2.0
MaxACartwright,2,2,1.0
MaxiBerdy,1,1,1.0
MaxiMii05,1,2,2.0
McNuggetSauce,1,1,1.0
Md. Shahnewaz Siddique,1,3,3.0
Meet Patel,1,1,1.0
Mehdi Hussain,2,2,1.0
Meimersdorfer,8,19,2.375
MeirKlemp,1,1,1.0
Mendel E,1,2,2.0
Mia,1,1,1.0
Miao4382,1,2,2.0
Miaozxje,1,1,1.0
Micha,1,1,1.0
Michael,4,7,1.75
Michael Bozhilov,1,1,1.0
Michael Deutsch,2,3,1.5
MichaelDeutschCoding,3,6,2.0
Michel Koga,1,2,2.0
Miigon,1,2,2.0
Mikhail Ivanov,1,1,1.0
Miltonbhowmick,1,3,3.0
Ming,1,1,1.0
Minighost,1,1,1.0
Mintoo200,3,3,1.0
Miodec,49,4876,99.51020408163265
Mischback,1,1,1.0
MisterA,1,1,1.0
Mistera91,1,1,1.0
Mohamad-Kamar,1,1,1.0
Mohanad Alrwaihy,1,1,1.0
Mohanad Fteha,1,2,2.0
MohanadOO,1,1,1.0
Moilleadoir,1,2,2.0
Mollerz,1,1,1.0
Moon,3,6,2.0
MordecaiO,1,4,4.0
MostafaEwis,2,2,1.0
MrDerpAU,1,1,1.0
MrEgggga,1,2,2.0
Mrqsyaka,1,2,2.0
Muitoom,1,1,1.0
Munib Karimi,1,1,1.0
Munib97,1,1,1.0
Munzu,1,1,1.0
MuriloUnten,1,1,1.0
MushyToast,1,3,3.0
Mustafa,2,7,3.5
MustafaLinux,2,8,4.0
Mustafiz04,1,1,1.0
MyBeansAreBaked,1,2,2.0
Mykhailo Tsiuptsiun (miktwon) [Flag of Ukraine],1,1,1.0
Myriam,1,4,4.0
MysteriousLog6,1,3,3.0
Mysteriouslog6,1,1,1.0
Nad Alaba,5,11,2.2
NadAlaba,5,12,2.4
NaeNate,1,2,2.0
Narmis-E,1,1,1.0
Nat Zimmermann,1,1,1.0
Nathan Thomson,1,1,1.0
NathanGuidry,1,1,1.0
Neeraj TK,1,1,1.0
Neris,1,1,1.0
NexInfinite,1,1,1.0
NiciTheNici,1,1,1.0
Night Cat,1,1,1.0
Nikhil Harry,2,3,1.5
Nikita Romanyuk,1,1,1.0
Nikolai Maasø Lunde,1,1,1.0
Nipul Mallikarachchi,2,6,3.0
NipulM,2,11,5.5
Nis-chal-Jain,1,2,2.0
Nishida02,1,1,1.0
Nishu Murmu,2,2,1.0
Nivaldinho-jpg,3,3,1.0
NoCrypt,1,4,4.0
Noah,3,13,4.333333333333333
Noah K,1,1,1.0
Nolan,1,3,3.0
Nolan Karjala,1,1,1.0
NotNotQuinn,1,1,1.0
NottNott,1,1,1.0
Nuclear-Squid,1,1,1.0
Nullaferius,1,2,2.0
O-X-E-Y,4,5,1.25
ObiKeahloa,5,9,1.8
Ocean Chen,1,1,1.0
Ocean-Ch,1,1,1.0
Ocnaibill,1,1,1.0
Octahedron,4,8,2.0
OctahedronV2,5,9,1.8
Octarine-Phaneron,1,2,2.0
OctarinePhaneron,1,4,4.0
OgunHva,1,1,1.0
Ohad Ben Dov,1,1,1.0
Ojas Bhagavath,1,1,1.0
OldMope,2,3,1.5
Oleksii Zaitsev,1,1,1.0
Oliver Pearce,1,1,1.0
OmkarS25,1,1,1.0
Ontonator,1,1,1.0
Orcomp,1,2,2.0
Orlovchikk,1,2,2.0
Oscar Lee-Vermeren,1,1,1.0
Oscar MacKenzie,2,7,3.5
Oskar283,1,2,2.0
Osmiuth,1,2,2.0
Otard95,2,32,16.0
Outdated,1,1,1.0
Owen Jones,1,1,1.0
OwenJRJones,1,2,2.0
Oxey,2,2,1.0
Oymate,1,1,1.0
PAHXO,1,1,1.0
PS-PARSA,1,1,1.0
Pablo,2,2,1.0
Pagi-Maula,1,1,1.0
Panquesito7,1,1,1.0
Pantoofle,1,1,1.0
Paras Arya,1,1,1.0
ParasArya289,2,2,1.0
Patel Prince,2,3,1.5
Paul Ebose,1,1,1.0
Paul H Choi,1,1,1.0
Paul Hoerenz,1,1,1.0
PeasfulTown,1,2,2.0
Pedro Serey,1,1,1.0
Perseus333,1,1,1.0
Peter Gessler,1,1,1.0
Peter Moore,1,1,1.0
PeterMoore24,1,1,1.0
Petri Julkunen,1,1,1.0
Philipp Lühmann,1,1,1.0
Pierre,1,4,4.0
Pinche-Dev,3,3,1.0
PineappleRind,1,1,1.0
Pitchstep,1,1,1.0
Piyush Sahu,1,1,1.0
PizzaTheGreat,1,1,1.0
PlumpDolphin,1,1,1.0
Polyhistorian,1,2,2.0
Prajwal Raj Basnet,1,2,2.0
Prajwalrajbasnet,1,4,4.0
Pranav Sinha,2,4,2.0
Pranay Roni,1,2,2.0
Praneeth,1,1,1.0
Prasanta Hembram,1,1,1.0
Prasanta-Hembram,1,1,1.0
Pratham Purohit,1,1,1.0
ProBottler,1,3,3.0
Provola23,1,1,1.0
Proximyst,1,1,1.0
Punit Bhesota,1,1,1.0
Qihan Liu,1,1,1.0
QuackerDeezles,1,4,4.0
QuevDev,1,1,1.0
R0merol,2,6,3.0
RFFadhilR,1,1,1.0
ROCKRAJA949,1,1,1.0
Raaed Shaikh,1,1,1.0
Rachid Ahsoune,1,1,1.0
Rachid09,1,1,1.0
Raffael Di Pietro,1,1,1.0
Randomkid88,1,3,3.0
Ranel Padon,2,3,1.5
Rangoons,1,1,1.0
RaniAgus,1,1,1.0
Ranjit Raut,1,1,1.0
Ranoiaetep,1,1,1.0
Rasmit Devkota,1,2,2.0
RasmitDevkota,2,3,1.5
Ratipoka,1,1,1.0
Rayanfe,1,1,1.0
Raymon Zhang,1,5,5.0
RealAllenDa,1,1,1.0
RealCyGuy,4,5,1.25
RealYukiSan,1,1,1.0
ReallyAnkit,1,1,1.0
Rebonack,1,1,1.0
RebonackAl,1,2,2.0
Rekkonnect,2,3,1.5
Remilia Alucard,1,1,1.0
Ren Blanding,1,1,1.0
Renato Setoue,1,2,2.0
Rephael Congmon,1,1,1.0
RephaelCongmon,1,1,1.0
Repiked,1,1,1.0
Rhesa Utomo,1,1,1.0
Rhyzhang,1,1,1.0
RiceKrisBs,1,1,1.0
Richard Davison,2,2,1.0
Rick Haan,1,1,1.0
RickHaan,1,1,1.0
Rina RANARISON,2,3,1.5
Rishav Raj,1,1,1.0
Rizwan Mustafa,11,39,3.5454545454545454
Rob Sassack,3,4,1.3333333333333333
Robert Clover,1,1,1.0
Rocheez,1,1,1.0
Rodolfo Velázquez,1,1,1.0
Rodrigo Chireia,1,2,2.0
Rohit Kumar Saini,1,1,1.0
Roj,1,2,2.0
Ronnapat Srivoravilai,1,1,1.0
Ronnapatp,1,1,1.0
Root3287,1,1,1.0
RoyalCoderPRO,1,1,1.0
Ruan Buhr,1,1,1.0
RuchitJagodara,1,1,1.0
RusDoomer,1,2,2.0
Russ,1,1,1.0
Rustom Ichhaporia,1,8,8.0
Ryan Bigg,1,1,1.0
Ryan Harrington,3,11,3.6666666666666665
Ryan Lundqvist,1,1,1.0
Ryan Sheppard,1,1,1.0
Ryan Zhang,1,1,1.0
SANDHIYA G,1,1,1.0
SHaiderX,1,1,1.0
SSead,1,1,1.0
Saccadence,1,2,2.0
Sachin Kumar,1,1,1.0
Sagittarius,2,2,1.0
Saieesh Bairam,1,1,1.0
Saint,2,2,1.0
Saint-dev,2,10,5.0
Salama,2,2,1.0
Samar Mohan,1,1,1.0
Sameer M,1,1,1.0
SameeraMurthy,1,2,2.0
Sammyalhashe,1,1,1.0
Samuel Breznjak,1,1,1.0
Samyak Bardiya,1,1,1.0
Sanchir Enkhbold,1,1,1.0
Sanidhya Singh,5,12,2.4
Sanjeet4567,1,1,1.0
Santi Santichaivekin,1,1,1.0
Saptarshi Ghosh,1,1,1.0
SarkarKurdish,1,4,4.0
Sarmad Hadi,1,1,1.0
Sashin Exists,2,2,1.0
Sat Naing,1,2,2.0
SauceyRed,1,2,2.0
Schtinguerch,2,2,1.0
Scribe of the Ziggurat,1,1,1.0
Sean Ho,1,1,1.0
Sebastian Michaelsen,1,1,1.0
SeerLite,9,73,8.11111111111111
Serdar Bilici,4,10,2.5
Sergi Meseguer,1,1,1.0
Seth Falco,3,5,1.6666666666666667
SethFalco,2,5,2.5
ShaakhDev,1,1,1.0
Shakhzod Bobolov,1,1,1.0
ShalevAri,1,1,1.0
Shane Donovan,1,2,2.0
Shashwat Poudel,2,2,1.0
Shashwat-pd,3,3,1.0
Shaurk31,1,4,4.0
Shawn M Moore,1,1,1.0
ShawnNitke,1,1,1.0
SheezZarR,1,1,1.0
Sheumais,1,1,1.0
Shibin Thomas,2,4,2.0
Shriram Khandbahale,1,1,1.0
ShriramKhandbahale,2,2,1.0
Shtaiven,1,1,1.0
Shuja-Mahmood,2,8,4.0
Simen Holmestad,1,1,1.0
SimenHolmestad,1,1,1.0
Simon Fernandez,1,1,1.0
Sin,1,1,1.0
Sisisit,1,3,3.0
Sixeight,1,1,1.0
Skeef79,1,1,1.0
SlavBoi420,1,1,1.0
SlyGambino,1,1,1.0
Smithster,2,17,8.5
Snyk bot,1,2,2.0
Sohail Akthar,1,1,1.0
Soham Bhattacharya,1,2,2.0
Sokrates,1,1,1.0
Sondre Kjempekjenn,4,6,1.5
SongWithoutWords,1,1,1.0
SoulPancake,1,1,1.0
Soundtoxin,2,2,1.0
Souren Papazian,1,1,1.0
SpaceWaffles5827,1,1,1.0
Spax,1,3,3.0
SpiritAxolotl,1,5,5.0
Spongman,1,1,1.0
StefanescuEduard,1,2,2.0
Steve H,1,1,1.0
Steve P,1,2,2.0
Stiaan Nel,1,1,1.0
StianM,1,2,2.0
StickminBruv,2,3,1.5
SukiChong4,1,1,1.0
Suman Mondal,1,1,1.0
SuperNova74-K,1,1,1.0
Susan Lin,1,2,2.0
Sushi6006,1,1,1.0
Swarit Choudhari,1,1,1.0
SwiftyProgrammer690,1,1,1.0
Syllapin,1,1,1.0
Synertry,1,1,1.0
Syphdias,1,1,1.0
T-O-R-U-S,1,1,1.0
TKelsier,1,1,1.0
TTamisier,1,1,1.0
Takeo12,1,1,1.0
Tamir198,1,1,1.0
Tanamr,1,2,2.0
Tanish,1,1,1.0
Tarik Kaya,1,1,1.0
Tarun,1,1,1.0
Taryn Hill,1,1,1.0
Tassilo Neubauer,1,3,3.0
Tawtis,1,3,3.0
TayIorRobinson,1,2,2.0
Taylor Robinson,1,4,4.0
Taz03,1,1,1.0
TechPenguineer,1,1,1.0
Technet,1,1,1.0
Technet8394,1,2,2.0
Teddi,4,11,2.75
Temmie,1,1,1.0
Terminal,1,1,1.0
Testify,1,2,2.0
ThaBasder,1,1,1.0
Thanaraklee,1,2,2.0
ThangaAyyanar,1,1,1.0
ThatOneCalculator,1,1,1.0
TheBB,1,1,1.0
TheEccentricDuck,1,1,1.0
TheExploration,2,4,2.0
TheKaushikGoswami,1,2,2.0
TheM4x3R,1,2,2.0
TheNatBoi,2,4,2.0
TheOrdinaryWizard,1,1,1.0
TheRealSpray,1,1,1.0
Theo Pearson-Bray,1,1,1.0
ThinkerXT,1,2,2.0
Thomas Plaçais,1,1,1.0
Thor,1,1,1.0
ThorsThunder04,3,3,1.0
Thundersnow90,1,1,1.0
Tim Martin,1,1,1.0
Timothy Gibbons,1,1,1.0
Timothy Moores,1,1,1.0
Tobias Kendlbacher,1,1,1.0
Tobin Richard,1,1,1.0
Tom Kuson,2,2,1.0
Tommy Liao,1,1,1.0
Tomohiro Nishimura,1,1,1.0
Topech,1,1,1.0
Tor Jacob Neple,1,1,1.0
TortitasT,1,1,1.0
ToxicAven,1,1,1.0
Triangularity,1,1,1.0
Tricarbonate,1,3,3.0
Triikk,2,3,1.5
Trustin,1,1,1.0
TryftzTheDev,2,3,1.5
Tsara Sudrajat,1,1,1.0
Turi Abu,1,1,1.0
Tushar Sadhwani,1,1,1.0
TwoDigitsOneNumber,1,1,1.0
Typeacode,1,4,4.0
Ubuntu,1,1,1.0
Ultrahalf,1,1,1.0
UncleEnk,1,1,1.0
UnrealApex,5,130,26.0
UnregisteredUsername,1,2,2.0
Usman-Abubakr,2,3,1.5
VNKTSH00,1,4,4.0
Vaibhav Kaushik,1,1,1.0
VakushinAlex,1,1,1.0
VanWeapon,1,1,1.0
Varun Tiwari,1,1,1.0
Vaughn Gugger,2,3,1.5
Veemyu,1,4,4.0
Vermoot,3,3,1.0
VescureHatesYou,1,1,1.0
Vexxent,1,1,1.0
Vi Mio,1,1,1.0
Victor B,1,2,2.0
Victor Garcia,1,1,1.0
Victor Kochkarev,1,1,1.0
Vilgot Fredenberg,1,2,2.0
Vincent LE GOFF,1,1,1.0
Viniter,1,1,1.0
VinkentLi,1,1,1.0
VishalRashmika,1,1,1.0
Vitaman02,1,3,3.0
Vitiligo,1,1,1.0
Vitruvius21,1,1,1.0
Vladimir Vilenskii,1,2,2.0
Vladislav Dietrich,1,1,1.0
Vrishabhsk,1,1,1.0
Vuong BUI,1,4,4.0
Vusal Ismayilov,1,1,1.0
VÖRÖSKŐI András,1,1,1.0
W0LFB0MB,2,3,1.5
Walter White,1,1,1.0
Warrobot10,7,18,2.5714285714285716
Waterdragen,2,3,1.5
WebTax,1,1,1.0
WesamAbadi,1,1,1.0
WhosChester,2,6,3.0
Whydidthechickencrosstheroad,2,2,1.0
WiNloSt,1,1,1.0
Wisam Abbadi,1,1,1.0
WolfTypist,1,1,1.0
WonderFeeler,1,1,1.0
Wrestor,1,1,1.0
XSPGMike,1,2,2.0
Xea,1,1,1.0
Xeferis,1,1,1.0
Xieyt,1,1,1.0
Xiquee,1,1,1.0
Xtian90,1,1,1.0
Xudong Zheng,1,1,1.0
Xydez,1,2,2.0
YarikRevich,1,1,1.0
Yaroslav Smirnov,1,1,1.0
Yen Cheng,3,5,1.6666666666666667
Young Shung,1,1,1.0
Yultax,1,5,5.0
YummyOreo,5,11,2.2
Zach Brehm,1,1,1.0
Zach Skaistis,1,3,3.0
Zach Stence,1,1,1.0
Zach Tepper,1,1,1.0
Zachary Ho,1,6,6.0
Zak,1,7,7.0
Zanin Andrea,1,1,1.0
ZaninAndrea,1,1,1.0
Zaqzxcswsde,1,1,1.0
Zarrten,1,2,2.0
Zeal Patel,1,1,1.0
Zephyr Jones,1,1,1.0
Ziyodulla Muydinjanov,1,1,1.0
[Error_27],1,1,1.0
_Bare,1,3,3.0
__filename,2,2,1.0
a1usha,1,14,14.0
aNOOBis,4,16,4.0
aNOOBisTheGod,5,20,4.0
aadhavanpl,1,1,1.0
aarnav593,3,7,2.3333333333333335
aaron adriano,1,1,1.0
abbxd1,1,1,1.0
abdulhajiyev,1,1,1.0
abdullahhussein1,1,1,1.0
abhinandanwadwa,1,1,1.0
acalanato,1,1,1.0
achiles0728,1,1,1.0
achtchaern,2,2,1.0
adammehaney,1,1,1.0
ademirkan,2,8,4.0
adii-n,1,1,1.0
aditya1rawat,1,1,1.0
aerickt,1,1,1.0
aezexa,1,1,1.0
afoalb,1,1,1.0
agentaubie,1,1,1.0
aikoo7,2,2,1.0
aikooo7,2,2,1.0
ajafov98,2,2,1.0
ajay-vishnu,1,1,1.0
akashchouhan16,2,2,1.0
akhilesh-balaji,1,1,1.0
akhilesh-w,1,1,1.0
akmatoff,1,1,1.0
akp,1,2,2.0
al1gned,1,1,1.0
albertying,2,10,5.0
alegottu,1,4,4.0
aleksandr.vakushin,1,1,1.0
alex-1121,1,1,1.0
alexkar598,1,2,2.0
alfonz19,1,1,1.0
alijacob,1,1,1.0
alyoro,1,2,2.0
amalsk7,1,1,1.0
amanY1111,1,1,1.0
ambivent,1,1,1.0
ammarptn,1,1,1.0
amorino,1,1,1.0
amsuu,1,2,2.0
anakojm,3,6,2.0
anchxng,1,1,1.0
andGuo,2,2,1.0
andrewgopher,1,1,1.0
andrewhchang,1,1,1.0
andrewtran1995,1,2,2.0
angelofallars,1,1,1.0
angularorbit,2,3,1.5
anhducng,1,1,1.0
aniketsharmaa,1,1,1.0
anoop1005,1,2,2.0
ans1genie,1,1,1.0
ansh-saini,1,1,1.0
antonkesy,1,1,1.0
antorkhan,1,1,1.0
aoaaceai,1,2,2.0
aqeelshamz,1,3,3.0
arbanhossain,1,2,2.0
arda-a,1,6,6.0
arghblargh,1,1,1.0
aria,2,7,3.5
ariebh,1,2,2.0
armaninux,1,1,1.0
arnavsharma2711,1,1,1.0
arrahhal,1,1,1.0
arthurdepina,1,1,1.0
arthurl,1,1,1.0
arthurnunesc,1,1,1.0
asamonik,1,1,1.0
ascodeasice,1,2,2.0
asd153866714,1,2,2.0
asd20752,1,1,1.0
ashharrrrr,1,2,2.0
ashinberish,1,1,1.0
ashutoshc8101,1,1,1.0
asmpro7,1,2,2.0
aspizu,1,2,2.0
asynchroza,1,1,1.0
atbuy,1,3,3.0
atypicalesper,1,1,1.0
au2001,1,1,1.0
aungKhantPaing,1,2,2.0
austintraver,1,1,1.0
averyl2020,2,2,1.0
avetisovi,3,5,1.6666666666666667
avi123nash,1,11,11.0
aviegdown,2,11,5.5
aviiciii,2,9,4.5
axl-devhub,1,3,3.0
ayushk7,1,1,1.0
ayushsgithub,1,1,1.0
azinsharaf,1,1,1.0
b-kaiser,1,1,1.0
b-paul,1,1,1.0
b22790188,1,1,1.0
ba1man,1,1,1.0
bala418,2,2,1.0
ballerboo,1,2,2.0
balzafin,1,1,1.0
bapic,1,1,1.0
barraIhsan,1,1,1.0
barthakstege,2,11,5.5
bassamanator,1,1,1.0
bassem97,1,1,1.0
bataak,1,4,4.0
beastmatser,1,2,2.0
beckxie,1,1,1.0
beeschurgr,1,1,1.0
ben potter,1,1,1.0
benjaminpotter,1,1,1.0
bhanu prasad,1,1,1.0
bhanufyi,1,1,1.0
bhanuprakashbahoju,2,2,1.0
bhomie,3,45,15.0
bilfri,4,5,1.25
bitt4,1,2,2.0
bl0bcode,1,1,1.0
bool3max,2,2,1.0
booperlv,1,1,1.0
boris-gu,1,1,1.0
borisnezlobin,1,3,3.0
bowski23,1,1,1.0
bphd,1,1,1.0
bragefuglseth,1,1,1.0
brainandforce,1,1,1.0
brandon-toner,1,1,1.0
brenr,1,3,3.0
brentspine,1,1,1.0
brokenricefilms,1,1,1.0
bsamseth,2,2,1.0
bsule,2,3,1.5
bvoo,1,2,2.0
bwoodruff,1,1,1.0
c00lkidd9,1,1,1.0
cBachoo,1,1,1.0
cabrieI,1,1,1.0
caburum,1,1,1.0
cagatay-y,1,1,1.0
callmeberzerker,1,1,1.0
calrobertlee,1,1,1.0
carlossgabriel,1,1,1.0
carnivoroustoad,2,5,2.5
carotsay,1,1,1.0
cbebe,1,2,2.0
ccenturionn,1,2,2.0
celestars,2,2,1.0
cesarcoboscv,1,1,1.0
cethemaco,1,1,1.0
ch3rny,1,1,1.0
chahkiev,1,2,2.0
chaitriplez,1,2,2.0
charlielidstone,1,1,1.0
cheneyni-451,1,2,2.0
chinmayprele,1,1,1.0
chips-wq,1,2,2.0
chireia,1,4,4.0
christophersarmiento,1,3,3.0
cincodenada,1,2,2.0
cinoss,1,1,1.0
cjjj,1,1,1.0
clickers331,1,1,1.0
clo4,1,1,1.0
clompi104,1,1,1.0
cobie8708,2,3,1.5
codemurt,1,2,2.0
codybloemhard,1,4,4.0
coffee-compiler,2,4,2.0
coliss86,2,4,2.0
compscitwilight,2,2,1.0
computergnome99,1,1,1.0
connerf,1,1,1.0
connorjan,1,1,1.0
connorsdylan18,1,1,1.0
coolcart,1,3,3.0
corbintuason-coding,1,1,1.0
corey,3,4,1.3333333333333333
corey-b,6,36,6.0
coryshaw1,1,1,1.0
cowboycodr,1,1,1.0
crimsonpython24,1,1,1.0
cubedhuang,3,3,1.0
cursorweb,4,5,1.25
cute-catgirl,1,2,2.0
cwangsanata,1,1,1.0
cx1201,1,1,1.0
cyqsimon,1,1,1.0
d-v,1,1,1.0
dCubelic,1,1,1.0
daenikon,2,3,1.5
daklay,1,1,1.0
danhalliday,1,1,1.0
danhogan,1,1,1.0
danielrparks,2,2,1.0
danielschristian,1,2,2.0
danii,1,2,2.0
dankuri,1,2,2.0
dariogoetz,1,2,2.0
darkstego,1,1,1.0
darrenangle,1,1,1.0
darrenrs,1,1,1.0
dasle52,2,2,1.0
datsfilipe,1,1,1.0
davebro,2,2,1.0
davidjnovak,1,2,2.0
davidroot8,1,1,1.0
dazon,2,6,3.0
dcasado,1,1,1.0
de-longhi,1,4,4.0
debopriyobasu,1,1,1.0
decaf,3,10,3.3333333333333335
decafff,4,10,2.5
deerawj,1,1,1.0
delivey,1,1,1.0
den,1,1,1.0
deniscerri,4,7,1.75
dependabot[bot],6,22,3.6666666666666665
desert3agle,1,2,2.0
dev-shetty,1,1,1.0
devdenisalex,1,7,7.0
deveshpandee,1,1,1.0
devkennyy,3,35,11.666666666666666
devmeat,1,1,1.0
devrusty,2,2,1.0
dewblackio2,1,1,1.0
dhikshith12,1,1,1.0
digi,1,1,1.0
diogozarro,1,2,2.0
dipper-the-big,1,2,2.0
dirk-hub,2,3,1.5
dj1vs,1,1,1.0
dkrikun,1,1,1.0
dmartin-tech,2,8,4.0
douira,1,1,1.0
drade-on,1,1,1.0
drambique,1,1,1.0
drdilyor,3,4,1.3333333333333333
drewgingerich,1,1,1.0
driazati,1,2,2.0
drrckchng,1,1,1.0
druotoni,2,5,2.5
dtuukkanen,1,1,1.0
duckyb,2,3,1.5
dudemanppl,1,1,1.0
dunk2k,1,4,4.0
duunr,1,1,1.0
dvgniele,1,1,1.0
dwelle,1,1,1.0
ebblies,1,4,4.0
eduardboghian,1,2,2.0
egemasta,2,2,1.0
eggbean,1,1,1.0
egorguslyan,6,15,2.5
ehanahamed,2,2,1.0
eisthefifthletter,4,5,1.25
ekmas,1,1,1.0
elikoga,1,2,2.0
elswenson,1,1,1.0
em1lyy,1,1,1.0
enheit,1,1,1.0
epicjoanna,1,1,1.0
eran-pinhas,1,1,1.0
ericettensohn,1,2,2.0
erikgroving,1,1,1.0
error-27,1,1,1.0
ethan,2,4,2.0
ethericist,1,1,1.0
eti-iniER,1,1,1.0
euphoria2k,1,1,1.0
evantj,1,1,1.0
everypizza1,2,2,1.0
evestay,1,2,2.0
evvvrado,1,1,1.0
extoplasm,3,5,1.6666666666666667
f1sh33,1,2,2.0
fahd04,1,1,1.0
faisalsaifii,1,1,1.0
faq0,1,1,1.0
farisfaikar,2,6,3.0
farkon00,3,5,1.6666666666666667
fatcatmaht,1,2,2.0
favault,1,3,3.0
fehlercode03,1,2,2.0
fehmer,12,145,12.083333333333334
filename24,2,2,1.0
fisforfaheem,1,1,1.0
fishstik,1,1,1.0
fitzsim,1,2,2.0
fjalcr,1,1,1.0
flatypus,1,1,1.0
flomei,1,2,2.0
fprasx,1,1,1.0
frogfrogfrogfrogfrog,8,28,3.5
frolvanya,1,1,1.0
g-harel,3,7,2.3333333333333335
g-thome,1,1,1.0
g1gabyteDEV,1,1,1.0
ga-fleury,1,1,1.0
gabey14,1,1,1.0
gabrielbeauchemin,1,1,1.0
gael-vanderlee,1,1,1.0
gaoxiaoliangz,1,1,1.0
gasbytes,2,2,1.0
gaurovgiri,1,1,1.0
gavinmn,1,1,1.0
gbedardsice,1,1,1.0
geoffdavis92,1,1,1.0
george124816,1,1,1.0
gesslerpd,1,1,1.0
gforien,1,2,2.0
ghost,24,45,1.875
gimmerain4days,3,6,2.0
git push origin P,1,1,1.0
git-ahi,1,1,1.0
github-actions[bot],17,73,4.294117647058823
givensuman,1,1,1.0
gkaply532,1,3,3.0
gkeep,1,1,1.0
glowy,2,5,2.5
gmatlock,1,1,1.0
gmkanat,1,1,1.0
gondolin24,1,1,1.0
gonsen71,1,1,1.0
gonzalofrancoceballos,1,1,1.0
goosethedev,1,1,1.0
gretaSamsa,1,1,1.0
grigoriynikolaev,2,3,1.5
groig,1,1,1.0
grothe6,1,1,1.0
grtcdr,1,1,1.0
gs1293,1,1,1.0
gubareve,1,1,1.0
guijun13,2,2,1.0
guilleripa,1,1,1.0
guillermodotn,1,1,1.0
gunungpw,1,1,1.0
gwenzek,1,2,2.0
habovh,1,1,1.0
haiichuu,1,1,1.0
hakujitsu,2,2,1.0
hama73,1,2,2.0
hanabo-mk,2,5,2.5
harshkanjariya,1,2,2.0
hashyxx,1,1,1.0
hazartilirot,1,1,1.0
helderbarboza,1,1,1.0
heuristics222,1,1,1.0
heybereket,1,1,1.0
hibatillah,1,1,1.0
himanshubalani,2,2,1.0
holoflash,1,4,4.0
holyhearted,2,8,4.0
hossammenem,2,3,1.5
howmanysmall,1,2,2.0
hql1991,1,1,1.0
hugohabicht01,1,1,1.0
humptyhump,1,2,2.0
hurrrsh,3,5,1.6666666666666667
huteri,1,1,1.0
huzqy,4,7,1.75
hyperingenious,1,1,1.0
i0x0,1,1,1.0
iamardi,1,1,1.0
iambeingtracked,2,2,1.0
iamlambda,3,4,1.3333333333333333
ianfromdover,2,3,1.5
ibrab000,7,16,2.2857142857142856
ihssmaheel-dev,1,1,1.0
iitsalex,1,2,2.0
ikarofelix,1,2,2.0
ilikecoding-197,1,1,1.0
imtone1,1,2,2.0
imtryingit,1,1,1.0
iokiou,1,4,4.0
irigone,1,1,1.0
isa-2004,1,4,4.0
isaaceliapeFusioneer,1,1,1.0
ithelor,1,1,1.0
its-19818942118,1,2,2.0
its-mavi-dev,1,1,1.0
itsbapic,1,1,1.0
itsmeshibintmz,1,4,4.0
iuuang,5,10,2.0
ivanjermakov,4,6,1.5
ivobelitz,1,1,1.0
ivolvanov,1,1,1.0
iwa,1,1,1.0
iwmywn,1,2,2.0
j-fosstvedt,1,7,7.0
j4r3kb,1,2,2.0
j824h,1,1,1.0
jacekdobrowolski,1,1,1.0
jacob-duff,1,1,1.0
jacobdalamb,1,1,1.0
jadkhoury,1,2,2.0
jaguar3217,1,2,2.0
jakobkhansen,1,1,1.0
jamartinezc,1,2,2.0
jameslounds,2,7,3.5
jameszhang-a,1,1,1.0
janreggie,3,4,1.3333333333333333
jay-tau,2,2,1.0
jdbruxelles,1,1,1.0
je-farr,1,1,1.0
jeeiid,1,1,1.0
jeffalexander,1,1,1.0
jeffrey-zang,2,4,2.0
jeroen-meijer,1,1,1.0
jerryzhou196,4,8,2.0
jfabellera,3,4,1.3333333333333333
jfrech,1,1,1.0
jigfox,1,1,1.0
jkjrmlg,1,2,2.0
jlopezestrada,1,1,1.0
jnoel-dev,2,6,3.0
jo-valer,1,1,1.0
joanna,1,1,1.0
joe-scotto,1,1,1.0
joe-shares-stuff,1,1,1.0
johan-perso,1,1,1.0
john-landgrave,1,1,1.0
jolefevre,1,1,1.0
jonasmalacofilho,1,1,1.0
jonathanvoelkle,1,1,1.0
jonny-exe,1,3,3.0
josefbits,1,1,1.0
joshuaPurushothaman,1,1,1.0
joshuamango,1,3,3.0
jovark,1,1,1.0
joweli,1,4,4.0
jpablobr,1,2,2.0
jtodaone,1,1,1.0
julianbarg,2,3,1.5
juscuzryancan,1,1,1.0
justussoh,1,1,1.0
jvonk,1,1,1.0
jxdv,1,1,1.0
jørg,1,3,3.0
k a a s s o u f f l é,1,1,1.0
k4leg,1,2,2.0
kStor2poche,2,4,2.0
kacperwyczawski,2,3,1.5
kae,2,3,1.5
kallebornemark,1,1,1.0
karhincheong,1,1,1.0
karimk123,3,4,1.3333333333333333
karstenhunstad,1,1,1.0
kasterma,1,1,1.0
kat3samsin,1,2,2.0
kaushalyap,1,1,1.0
kavinvin,1,1,1.0
kbdharun,1,1,1.0
kbilsted,1,1,1.0
kckang1103,1,2,2.0
keenemeck,1,2,2.0
kelvine,1,1,1.0
kelvinelove,1,1,1.0
kelvium,1,1,1.0
kemonprogrammer,4,7,1.75
kena124,1,1,1.0
kencx,1,1,1.0
kendlbat,1,1,1.0
kenn,1,1,1.0
kenny,1,4,4.0
kevinavrillo,1,1,1.0
kevinwcj2004,1,1,1.0
kiaralefou,1,1,1.0
kikuKeii,1,2,2.0
kim-nguyenkhn,1,1,1.0
kiriDevs,4,7,1.75
kiug,1,1,1.0
kjvlbu,1,3,3.0
kleenkanteen,1,1,1.0
klementtan,1,1,1.0
kmr200,1,1,1.0
kndshein,1,1,1.0
kokaloo,1,2,2.0
kolyu7771,1,1,1.0
kopipahit-1,1,7,7.0
korompaiistvan,1,2,2.0
kosorin,1,1,1.0
kraiztmatte,1,2,2.0
kratesv,1,5,5.0
krau5,1,2,2.0
krig,1,1,1.0
kritserv,2,2,1.0
krosis2706,1,1,1.0
krsntn,1,4,4.0
kryptiksage,1,1,1.0
kshitizrohilla,1,2,2.0
kunal-rp,1,2,2.0
kurayami07734,1,1,1.0
kwfk,2,2,1.0
kyratzakos,1,1,1.0
l4ssc,1,1,1.0
lajp,1,1,1.0
lakshyarao22,1,1,1.0
larrasket,1,1,1.0
lassc,1,4,4.0
lazy-seal,1,1,1.0
leduyquang753,2,4,2.0
lelazsq,1,2,2.0
lemonnuggets,1,1,1.0
lestherll,1,2,2.0
lgutter,1,1,1.0
liftconfig,1,1,1.0
limitedink,1,1,1.0
llyram,1,1,1.0
longnguyen2004,1,1,1.0
lorenzgruber,1,1,1.0
louispelarrey,1,1,1.0
lttb,1,2,2.0
lucas-fern,1,1,1.0
lucas-fine,1,2,2.0
lucaspessivaldo,1,1,1.0
luehmann,2,3,1.5
lukew3,10,93,9.3
lumitry,1,1,1.0
lusm554,2,2,1.0
lynn,1,1,1.0
m-shao,1,1,1.0
m2x07,1,1,1.0
m4dd0c,1,2,2.0
m7mdtiger,2,3,1.5
mTopy,2,3,1.5
maantje,1,1,1.0
madimadica,1,1,1.0
madnight,2,2,1.0
magicteo,1,9,9.0
mainos1,1,2,2.0
maixnor,1,1,1.0
maleksware,1,1,1.0
malkiii,1,1,1.0
manuelzzz,1,1,1.0
marcantoineg,1,1,1.0
marcoferrari2409,3,7,2.3333333333333335
marcovirtual,1,1,1.0
markstos,1,1,1.0
mart-e,1,1,1.0
mateoltd,1,1,1.0
matgaj,1,1,1.0
mathiasbaech,1,2,2.0
matthewvolk,1,2,2.0
matthope1,1,1,1.0
mattiasduerrmeier,1,1,1.0
mattlau1,1,1,1.0
max-m-e,1,2,2.0
maxkapur,1,1,1.0
mayweed,1,1,1.0
mb6ockatf,2,2,1.0
mcfi3rce,1,1,1.0
medievalgoose,1,1,1.0
mehdihdev,2,2,1.0
meleten,1,1,1.0
mellangr,1,4,4.0
mendelmaleh,1,1,1.0
merwie,1,1,1.0
mhd101,1,1,1.0
mia-riezebos,1,1,1.0
michelkoga,1,2,2.0
mijo22,1,1,1.0
mikesellt,1,1,1.0
miktwon,1,1,1.0
minerscale,1,2,2.0
minicap-cat,1,2,2.0
mirai-ux,2,3,1.5
miraiHaGakkariShita,1,1,1.0
miyukowo,1,1,1.0
mizaagi,1,4,4.0
mizucodes,1,1,1.0
mkozden,2,2,1.0
mlrv,1,1,1.0
mm-crj,1,1,1.0
mmouhib,1,1,1.0
mohanadft,1,2,2.0
mokshsinghji,1,2,2.0
molohov,1,1,1.0
monkeytypegeorge,43,811,18.86046511627907
monners,3,3,1.0
montydrei,1,2,2.0
mosaleh52,1,1,1.0
mostrowski123,1,1,1.0
moverest,1,1,1.0
mrbrianevans,5,8,1.6
mrdudov,1,1,1.0
mrhappyma,1,1,1.0
mrkvicka22,1,1,1.0
msowad,1,1,1.0
msyed123,1,1,1.0
mtthwn,2,7,3.5
munibtahir,1,1,1.0
musaoruc,1,1,1.0
mwahlig,1,2,2.0
myakinx,1,2,2.0
mynimi,2,4,2.0
narze,3,4,1.3333333333333333
nathandcarter21,1,1,1.0
navazjm,1,1,1.0
ncsibra,1,1,1.0
nebulatgs,1,1,1.0
necdetaliozdur,1,1,1.0
neezacoto,2,12,6.0
net-tech,1,1,1.0
net-tech-,1,1,1.0
newbie-lad,1,1,1.0
nextZed,1,2,2.0
nichitaa,1,1,1.0
nightser727,1,1,1.0
niiico69,1,1,1.0
nine0x09,1,1,1.0
nishu-murmu,3,7,2.3333333333333335
nithinkodadhavadee,1,2,2.0
nitin-787,1,1,1.0
nlundee,1,1,1.0
nmcassa,1,3,3.0
noahpin,3,5,1.6666666666666667
noamvokaal,2,4,2.0
nobel15,1,2,2.0
nocommentcode,1,4,4.0
noisyBrain,1,1,1.0
nopeless,1,1,1.0
notreallystatic,1,1,1.0
nottnottloop,1,1,1.0
ntzm,1,1,1.0
nullaf,1,2,2.0
nwk6661,1,1,1.0
oatmealsecurity,1,1,1.0
officialasishkumar,1,1,1.0
oirehm,1,1,1.0
ojas-bhagavath,2,2,1.0
oksaksham,1,1,1.0
olivercederborg,1,1,1.0
oliverpearce,1,3,3.0
omackenzie,2,3,1.5
omentic,1,2,2.0
omonkulov,1,1,1.0
one-loop,2,2,1.0
oof2win2,1,1,1.0
oriionn,1,1,1.0
orionsource,1,1,1.0
ormai,1,1,1.0
outdatedx,1,1,1.0
owengaspard,1,1,1.0
p00ya,1,1,1.0
p4tpr0,1,1,1.0
pablos123,2,2,1.0
padril,1,1,1.0
palmettos,1,1,1.0
pantharshit007,1,5,5.0
pasanflo,1,1,1.0
pat-rapidai,1,1,1.0
patpro,1,1,1.0
paul,1,2,2.0
paulhchoi,1,1,1.0
paulphys,1,1,1.0
paurana,1,2,2.0
peco0x00,1,1,1.0
penguin-teal,2,13,6.5
penguinencounter,1,1,1.0
petertwishart,1,1,1.0
phrohdoh,1,1,1.0
pingshunhuangalex,15,40,2.6666666666666665
pistasjis,3,3,1.0
plbstl,1,2,2.0
plettj,1,1,1.0
plumpdolphin,1,1,1.0
poldoms,2,6,3.0
polygonalenippel,1,1,1.0
pooooooooods,1,2,2.0
popey456963,1,2,2.0
pr,1,1,1.0
pran01,2,4,2.0
pranayroni,1,2,2.0
prathammpurohit,1,1,1.0
pratikshrma,1,1,1.0
precompute,1,1,1.0
precondition,2,3,1.5
predkambrij,1,1,1.0
preetsuthar17,1,2,2.0
prince-patel23,2,6,3.0
prodskimaya,1,1,1.0
proziz,1,2,2.0
pserey,1,1,1.0
pseudolimonada,1,1,1.0
psparsa,1,1,1.0
pstadler,1,1,1.0
psudo-dev,1,2,2.0
ptsalmon,1,1,1.0
punctuations,1,1,1.0
punitbhesota,1,1,1.0
pypp,2,2,1.0
pyxan,1,10,10.0
qezz,2,2,1.0
qixils,1,1,1.0
qpiper,1,1,1.0
quev-dev,1,1,1.0
qupufu,5,8,1.6
r00ster,1,1,1.0
rabbit3c,1,2,2.0
radar,1,1,1.0
radarmeanie,1,1,1.0
ragavakrishnanns13,1,1,1.0
ramnathk,2,9,4.5
randomizermk1,1,2,2.0
ranelpadon,2,2,1.0
raphaelmatto,1,1,1.0
ras989,1,1,1.0
ray-1337,1,1,1.0
raymon-zhang,1,2,2.0
razahai,2,2,1.0
rbcoder117,1,1,1.0
rdavison,2,2,1.0
redarguireda,1,1,1.0
refact0r,7,17,2.4285714285714284
regexPattern,1,1,1.0
remalucard,2,2,1.0
remsforian,1,1,1.0
rendinjast,1,1,1.0
renierG,1,1,1.0
rev1e,1,1,1.0
rfblock,1,1,1.0
rhesamu,1,2,2.0
richtera,1,1,1.0
ridemountainpig,4,8,2.0
rikvik2006,1,1,1.0
rishavmngo,1,2,2.0
riso,1,1,1.0
risograph,1,1,1.0
riyu,1,2,2.0
riyuzenn,1,3,3.0
rizwanmustafa,10,70,7.0
rmurcek,1,1,1.0
robsassack,3,4,1.3333333333333333
rockingrohit9639,2,3,1.5
roco3d,1,1,1.0
rodovelazquez-utn,1,2,2.0
rogercc03,1,4,4.0
rohittanwar1,1,1,1.0
roijalbaker,1,1,1.0
roj1512,1,3,3.0
rolfvreijdenberger,1,2,2.0
ronnapatp,2,2,1.0
root,1,1,1.0
rossellhayes,1,1,1.0
roubaobaozi,2,2,1.0
rowario,2,2,1.0
rsashank,1,1,1.0
rsquires1988,1,1,1.0
ruanbuhr,1,2,2.0
rudnam,1,1,1.0
runebone,1,2,2.0
russell-knight,1,1,1.0
rustom,1,4,4.0
rvbcldud,1,1,1.0
rvjanapin,1,1,1.0
rxxed,1,2,2.0
ryan-harrington,4,7,1.75
ryan-mooore,1,1,1.0
ryanlundqvist,1,1,1.0
ryanshepps,1,1,1.0
ryantang35,1,1,1.0
ryevertigo,1,3,3.0
ryujinscales,3,10,3.3333333333333335
ryurina,1,1,1.0
s1mple-Lemon,1,3,3.0
s3rdarb,5,12,2.4
sahilsignup,1,1,1.0
sahinakkaya,1,1,1.0
sahupr,1,1,1.0
saieeshb,2,2,1.0
salemalem,1,1,1.0
samarmohan,1,1,1.0
samuelxyz,1,2,2.0
samyakbardiya,2,2,1.0
sanchay9,1,1,1.0
sanchir2011,1,1,1.0
sandyg6,1,1,1.0
sanidhyas3s,9,16,1.7777777777777777
sannier3,2,2,1.0
sapradhan,1,2,2.0
saran-pt,1,1,1.0
sarmadhadii,1,1,1.0
sartak,1,1,1.0
sashinexists,2,5,2.5
satelerd,2,2,1.0
satnaing,1,2,2.0
sbreaks,1,1,1.0
schneedotdev,1,1,1.0
schuebel,2,2,1.0
scpdavis1,2,4,2.0
seaerchin,1,12,12.0
seanho96,1,1,1.0
seba-nuo,1,1,1.0
semilin,1,2,2.0
seoulection,2,2,1.0
seyaidev,1,1,1.0
shahnewaz-labib,1,6,6.0
shanedonovan,1,1,1.0
shashumgaGIT,1,1,1.0
shaunsingh,1,1,1.0
sheumais,2,2,1.0
shinze,1,3,3.0
shishberg,2,9,4.5
sillyangel,1,8,8.0
singularity23,1,1,1.0
sithydev :v,1,1,1.0
skimmy12,1,1,1.0
sleeepstorm,2,5,2.5
slpysiren,1,1,1.0
smeet07,1,1,1.0
smichaelsen,1,1,1.0
smunky,2,17,8.5
snyk-bot,1,2,2.0
snypetofpaper,1,1,1.0
sohailakthar,1,1,1.0
sohamb117,1,1,1.0
sombre-hombre,2,8,4.0
somename-123,1,1,1.0
someotherotherguy,2,3,1.5
sonderingheights,2,2,1.0
sondrekje,4,7,1.75
sonofhypnos,1,1,1.0
soul-catcher,1,1,1.0
soulninja-dev,1,1,1.0
soupedupphantom,1,1,1.0
sourencho,1,1,1.0
sphaxa,1,3,3.0
ssantichaivekin,1,1,1.0
sshauchuk,1,4,4.0
staceyfras,1,1,1.0
starmadegeek,1,1,1.0
starryturtle,1,1,1.0
steven130169,1,1,1.0
stevenlandis,1,1,1.0
stevep99,1,2,2.0
stiaannel,1,1,1.0
stormedx,2,2,1.0
stroestefan,1,1,1.0
sub-arctic,1,1,1.0
subhamc88,1,1,1.0
sudoerena,1,2,2.0
sumanbmondal,1,1,1.0
suryanshmak,1,1,1.0
susan,1,1,1.0
swinelordvastus,1,2,2.0
t-e-r-m,1,3,3.0
t-mart,1,1,1.0
taboov,1,2,2.0
tackyunicorn,1,1,1.0
talison-cardoso,1,1,1.0
tawtis,1,2,2.0
tbodt,1,2,2.0
tcbutler320,2,8,4.0
te-lang-wakker,1,2,2.0
teddinotteddy,5,15,3.0
teh-maxh,2,2,1.0
tenaibms,1,1,1.0
tharaparadict,1,1,1.0
the-gremlin,1,2,2.0
theamanjs,1,2,2.0
theiereman,1,2,2.0
theranjitraut,1,1,1.0
therealsimon14,1,1,1.0
thescripted,1,1,1.0
thienanbeou,3,5,1.6666666666666667
thorstenSchmitz,1,1,1.0
throwawaywords,2,7,3.5
thuan,1,1,1.0
tiesrred,1,2,2.0
tilde-nya,1,1,1.0
tilde-v,1,1,1.0
timothywashburn,1,2,2.0
tinkoh,1,1,1.0
tjkuson,2,3,1.5
tlaaaa,1,1,1.0
tmuplayer33,2,3,1.5
tmwitczak,1,1,1.0
toholio,1,1,1.0
toma-demagn,1,2,2.0
torjacob,1,1,1.0
torrinworx,1,1,1.0
tpb1908,1,1,1.0
trevdev,1,1,1.0
trevorwrightdev,1,2,2.0
triach-rold,1,1,1.0
tricarbonate,2,5,2.5
trwstin,1,1,1.0
tsara27,1,1,1.0
tsjazil,1,1,1.0
tthn0,1,1,1.0
tumophiy,1,2,2.0
turinaf,1,1,1.0
turkeyphant,1,1,1.0
tusharsadhwani,1,1,1.0
tusqasi,1,1,1.0
tuzu128,1,2,2.0
tyc45,1,1,1.0
tymof1j,2,3,1.5
typer,2,50,25.0
typermonkeyuser,2,3,1.5
typerqeo,3,24,8.0
tzanismad,1,1,1.0
uShldGetCeleste,1,1,1.0
ubitux,1,1,1.0
ubmit,1,1,1.0
ujdhesa,1,1,1.0
underscoore,1,3,3.0
unional,1,1,1.0
unknown,1,96,96.0
unrealapex,20,119,5.95
uppercasee,1,1,1.0
userrand,1,1,1.0
usrme,1,2,2.0
vansul,1,1,1.0
varunKT001,1,1,1.0
veloce-vasta,2,2,1.0
venkat2305,1,1,1.0
verbxtim,2,5,2.5
verdant23,1,2,2.0
vermoot,1,1,1.0
vetu11,1,2,2.0
vetusst,1,1,1.0
victorKochkarev,1,1,1.0
victorbnl,1,2,2.0
vilgotf,1,2,2.0
vilvl,1,2,2.0
vimiomori,1,1,1.0
vintagentleman,1,2,2.0
visheshrwl,1,1,1.0
vitiligo610,1,4,4.0
vivekkpatel,3,3,1.0
vjgtigers,2,5,2.5
vnphanquang,1,1,1.0
voroskoi,1,2,2.0
vrzc,1,1,1.0
vsenjoyer,3,8,2.6666666666666665
vuong-buihv,1,2,2.0
w-i-s-n,1,1,1.0
wRadion,1,2,2.0
wafis,1,1,1.0
wblazej,1,1,1.0
webcrawls,1,1,1.0
webtax-gh,1,1,1.0
weensy,1,1,1.0
wfielding,1,1,1.0
whallin,1,3,3.0
whoadnan101,1,1,1.0
whorf,1,1,1.0
wiichicken,1,3,3.0
wilderjds,1,1,1.0
willerbee,2,45,22.5
winterNebs,3,3,1.0
wizpizz,2,4,2.0
woosal1337,1,1,1.0
wooster0,1,1,1.0
wozzy,3,3,1.0
wtrfl,1,1,1.0
xZa-k,1,4,4.0
xandymelo,1,2,2.0
xendaya,1,1,1.0
xiBread,1,1,1.0
xia0,4,7,1.75
xiao,3,6,2.0
xlaech,1,1,1.0
xnicoleisaloser,1,1,1.0
xp4u1,1,1,1.0
xudongzheng,1,1,1.0
yaazkal,1,2,2.0
yamenw,1,1,1.0
yekta,1,4,4.0
yerovyespitia,1,1,1.0
yingzhehe,1,2,2.0
ykahveci,2,4,2.0
ynshung,1,1,1.0
yogeshdave98,1,1,1.0
yogurtsyum,1,1,1.0
yorukot,1,1,1.0
yourealt,1,2,2.0
yousero,1,1,1.0
yunfachi,1,7,7.0
yutubpremnjing,1,2,2.0
yzAlvin,1,1,1.0
z1nc0r3,1,1,1.0
zacharybergin,1,1,1.0
zachbrehm,1,1,1.0
zachstence,1,2,2.0
zachtepper,1,1,1.0
zachy-ho,1,1,1.0
zaitsev-oleksii,1,1,1.0
zaxophone,1,1,1.0
zealptl,1,1,1.0
zebbyjz,1,1,1.0
zefr0x,3,4,1.3333333333333333
zekth,1,1,1.0
zenVentzi,1,2,2.0
zer0-x,2,3,1.5
zer0exia,1,1,1.0
zev4l,1,1,1.0
zeval,1,1,1.0
zft9xgy,1,3,3.0
zhanglianyu0911,1,1,1.0
zieu,1,1,1.0
zigotica,1,4,4.0
zigster64,1,1,1.0
zinwalin,1,1,1.0
zotanmew,1,1,1.0
zphrs,2,2,1.0
zqidev,1,1,1.0
Çağatay Yiğit Şahin,1,1,1.0
Đặng Tiến Cường,1,1,1.0
Şahin Akkaya,1,1,1.0
ᚷᛁᛟᚱᚷᛁ ᛒᚨᛚᚨᚲᚻᚨᛞᛉᛖ,1,1,1.0
